identifier,title,field,year,areaType,areaCode,datum,zipFileUrl,zipFileSize,zipfile_name
A03,三大都市圏計画区域,政策区域,2003,2,100,2,http://nlftp.mlit.go.jp/ksj/gml/data/A03/A03-03/A03-03_SYUTO-tky_GML.zip,6.63MB,A03-03_SYUTO-tky_GML.zip
A09,都市地域,国土（水・土地）,2006,3,1,1,http://nlftp.mlit.go.jp/ksj/gml/data/A09/A09-06/A09-06_01_GML.zip,2.82MB,A09-06_01_GML.zip
A09,都市地域,国土（水・土地）,2011,3,1,1,http://nlftp.mlit.go.jp/ksj/gml/data/A09/A09-11/A09-11_01_GML.zip,2.97MB,A09-11_01_GML.zip
A10,自然公園地域,地域,2006,3,1,1,http://nlftp.mlit.go.jp/ksj/gml/data/A10/A10-06/A10-06_01_GML.zip,5.39MB,A10-06_01_GML.zip
A10,自然公園地域,地域,2010,3,0,1,http://nlftp.mlit.go.jp/ksj/gml/data/A10/A10-10/A10-10_GML.zip,22.48MB,A10-10_GML.zip
A10,自然公園地域,地域,2011,3,1,1,http://nlftp.mlit.go.jp/ksj/gml/data/A10/A10-11/A10-11_01_GML.zip,5.54MB,A10-11_01_GML.zip
A10,自然公園地域,地域,2015,3,1,1,http://nlftp.mlit.go.jp/ksj/gml/data/A10/A10-15/A10-15_01_GML.zip,6.49MB,A10-15_01_GML.zip
A11,自然保全地域,地域,2006,3,1,1,http://nlftp.mlit.go.jp/ksj/gml/data/A11/A11-06/A11-06_01_GML.zip,0.09MB,A11-06_01_GML.zip
A11,自然保全地域,地域,2011,3,1,1,http://nlftp.mlit.go.jp/ksj/gml/data/A11/A11-11/A11-11_01_GML.zip,0.16MB,A11-11_01_GML.zip
A11,自然保全地域,地域,2015,3,1,1,http://nlftp.mlit.go.jp/ksj/gml/data/A11/A11-15/A11-15_01_GML.zip,0.20MB,A11-15_01_GML.zip
A12,農業地域,国土（水・土地）,2006,3,1,1,http://nlftp.mlit.go.jp/ksj/gml/data/A12/A12-06/A12-06_01_GML.zip,25.50MB,A12-06_01_GML.zip
A12,農業地域,国土（水・土地）,2011,3,1,1,http://nlftp.mlit.go.jp/ksj/gml/data/A12/A12-11/A12-11_01_GML.zip,26.11MB,A12-11_01_GML.zip
A12,農業地域,国土（水・土地）,2015,3,1,1,http://nlftp.mlit.go.jp/ksj/gml/data/A12/A12-15/A12-15_01_GML.zip,24.77MB,A12-15_01_GML.zip
A13,森林地域,国土（水・土地）,2006,3,1,1,http://nlftp.mlit.go.jp/ksj/gml/data/A13/A13-06/A13-06_01_GML.zip,85.97MB,A13-06_01_GML.zip
A13,森林地域,国土（水・土地）,2011,3,1,1,http://nlftp.mlit.go.jp/ksj/gml/data/A13/A13-11/A13-11_01_GML.zip,87.75MB,A13-11_01_GML.zip
A13,森林地域,国土（水・土地）,2015,3,1,1,http://nlftp.mlit.go.jp/ksj/gml/data/A13/A13-15/A13-15_01_GML.zip,605.89MB,A13-15_01_GML.zip
A15,鳥獣保護区,地域,2009,3,1,1,http://nlftp.mlit.go.jp/ksj/gml/data/A15/A15-09/A15-09_01_GML.zip,1.66MB,A15-09_01_GML.zip
A15,鳥獣保護区,地域,2015,3,1,1,http://nlftp.mlit.go.jp/ksj/gml/data/A15/A15-15/A15-15_01_GML.zip,1.52MB,A15-15_01_GML.zip
A16,人口集中地区,政策区域,1960,3,1,1,http://nlftp.mlit.go.jp/ksj/gml/data/A16/A16-60/A16-60_01_GML.zip,0.18MB,A16-60_01_GML.zip
A16,人口集中地区,政策区域,1965,3,1,1,http://nlftp.mlit.go.jp/ksj/gml/data/A16/A16-65/A16-65_01_GML.zip,0.20MB,A16-65_01_GML.zip
A16,人口集中地区,政策区域,1970,3,1,1,http://nlftp.mlit.go.jp/ksj/gml/data/A16/A16-70/A16-70_01_GML.zip,0.35MB,A16-70_01_GML.zip
A16,人口集中地区,政策区域,1975,3,1,1,http://nlftp.mlit.go.jp/ksj/gml/data/A16/A16-75/A16-75_01_GML.zip,0.39MB,A16-75_01_GML.zip
A16,人口集中地区,政策区域,1980,3,1,1,http://nlftp.mlit.go.jp/ksj/gml/data/A16/A16-80/A16-80_01_GML.zip,0.35MB,A16-80_01_GML.zip
A16,人口集中地区,政策区域,1985,3,1,1,http://nlftp.mlit.go.jp/ksj/gml/data/A16/A16-85/A16-85_01_GML.zip,0.35MB,A16-85_01_GML.zip
A16,人口集中地区,政策区域,1990,3,1,1,http://nlftp.mlit.go.jp/ksj/gml/data/A16/A16-90/A16-90_01_GML.zip,0.37MB,A16-90_01_GML.zip
A16,人口集中地区,政策区域,1995,3,1,1,http://nlftp.mlit.go.jp/ksj/gml/data/A16/A16-95/A16-95_01_GML.zip,1.06MB,A16-95_01_GML.zip
A16,人口集中地区,政策区域,2000,3,1,1,http://nlftp.mlit.go.jp/ksj/gml/data/A16/A16-00/A16-00_01_GML.zip,1.00MB,A16-00_01_GML.zip
A16,人口集中地区,政策区域,2005,3,1,1,http://nlftp.mlit.go.jp/ksj/gml/data/A16/A16-05/A16-05_01_GML.zip,0.97MB,A16-05_01_GML.zip
A16,人口集中地区,政策区域,2010,3,0,1,http://nlftp.mlit.go.jp/ksj/gml/data/A16/A16-10/A16-10_GML.zip,29.21MB,A16-10_GML.zip
A16,人口集中地区,政策区域,2015,3,0,1,http://nlftp.mlit.go.jp/ksj/gml/data/A16/A16-15/A16-15_GML.zip,37.98MB,A16-15_GML.zip
A17,過疎地域,政策区域,1970,3,1,1,http://nlftp.mlit.go.jp/ksj/gml/data/A17/A17-70/A17-700501_01_GML.zip,8.46MB,A17-700501_01_GML.zip
A17,過疎地域,政策区域,1975,3,1,1,http://nlftp.mlit.go.jp/ksj/gml/data/A17/A17-75/A17-751001_01_GML.zip,16.17MB,A17-751001_01_GML.zip
A17,過疎地域,政策区域,1980,3,1,1,http://nlftp.mlit.go.jp/ksj/gml/data/A17/A17-80/A17-801001_01_GML.zip,15.39MB,A17-801001_01_GML.zip
A17,過疎地域,政策区域,1985,3,1,1,http://nlftp.mlit.go.jp/ksj/gml/data/A17/A17-85/A17-851001_01_GML.zip,16.05MB,A17-851001_01_GML.zip
A17,過疎地域,政策区域,1990,3,1,1,http://nlftp.mlit.go.jp/ksj/gml/data/A17/A17-90/A17-901001_01_GML.zip,15.33MB,A17-901001_01_GML.zip
A17,過疎地域,政策区域,1995,3,1,1,http://nlftp.mlit.go.jp/ksj/gml/data/A17/A17-95/A17-951001_01_GML.zip,16.82MB,A17-951001_01_GML.zip
A17,過疎地域,政策区域,2000,3,1,1,http://nlftp.mlit.go.jp/ksj/gml/data/A17/A17-00/A17-001001_01_GML.zip,13.29MB,A17-001001_01_GML.zip
A17,過疎地域,政策区域,2005,3,1,1,http://nlftp.mlit.go.jp/ksj/gml/data/A17/A17-05/A17-051001_01_GML.zip,14.23MB,A17-051001_01_GML.zip
A17,過疎地域,政策区域,2007,3,1,1,http://nlftp.mlit.go.jp/ksj/gml/data/A17/A17-07/A17-070402_01_GML.zip,13.94MB,A17-070402_01_GML.zip
A17,過疎地域,政策区域,2016,3,1,1,http://nlftp.mlit.go.jp/ksj/gml/data/A17/A17-16/A17-16_01_GML.zip,27.24MB,A17-16_01_GML.zip
A17,過疎地域,政策区域,2017,3,1,1,http://nlftp.mlit.go.jp/ksj/gml/data/A17/A17-17/A17-17_01_GML.zip,28.18MB,A17-17_01_GML.zip
A18,半島振興対策実施地域,政策区域,1986,3,1,1,http://nlftp.mlit.go.jp/ksj/gml/data/A18/A18-86/A18-860331_01_GML.zip,2.71MB,A18-860331_01_GML.zip
A18,半島振興対策実施地域,政策区域,1990,3,1,1,http://nlftp.mlit.go.jp/ksj/gml/data/A18/A18-90/A18-901001_01_GML.zip,3.71MB,A18-901001_01_GML.zip
A18,半島振興対策実施地域,政策区域,1995,3,1,1,http://nlftp.mlit.go.jp/ksj/gml/data/A18/A18-95/A18-951001_01_GML.zip,3.71MB,A18-951001_01_GML.zip
A18,半島振興対策実施地域,政策区域,2000,3,1,1,http://nlftp.mlit.go.jp/ksj/gml/data/A18/A18-00/A18-001001_01_GML.zip,3.70MB,A18-001001_01_GML.zip
A18,半島振興対策実施地域,政策区域,2005,3,1,1,http://nlftp.mlit.go.jp/ksj/gml/data/A18/A18-05/A18-051001_01_GML.zip,3.71MB,A18-051001_01_GML.zip
A18,半島振興対策実施地域,政策区域,2007,3,1,1,http://nlftp.mlit.go.jp/ksj/gml/data/A18/A18-07/A18-070402_01_GML.zip,3.71MB,A18-070402_01_GML.zip
A18,半島振興対策実施地域,政策区域,2016,3,1,1,http://nlftp.mlit.go.jp/ksj/gml/data/A18/A18-16/A18-16_01_GML.zip,4.82MB,A18-16_01_GML.zip
A18s-a,半島振興対策実施地域統計情報,政策区域,1995,1,0,1,http://nlftp.mlit.go.jp/ksj/gml/data/A18s-a/A18s-a-95/A18s-a-95_GML.zip,45.52MB,A18s-a-95_GML.zip
A18s-a,半島振興対策実施地域統計情報,政策区域,2000,1,0,1,http://nlftp.mlit.go.jp/ksj/gml/data/A18s-a/A18s-a-00/A18s-a-00_GML.zip,45.51MB,A18s-a-00_GML.zip
A18s-a,半島振興対策実施地域統計情報,政策区域,2005,1,0,1,http://nlftp.mlit.go.jp/ksj/gml/data/A18s-a/A18s-a-05/A18s-a-05_GML.zip,45.55MB,A18s-a-05_GML.zip
A18s-a,半島振興対策実施地域統計情報,政策区域,2010,1,0,1,http://nlftp.mlit.go.jp/ksj/gml/data/A18s-a/A18s-a-10/A18s-a-10_GML.zip,45.57MB,A18s-a-10_GML.zip
A19,離島振興対策実施地域,政策区域,1953,3,13,1,http://nlftp.mlit.go.jp/ksj/gml/data/A19/A19-53/A19-531026_13_GML.zip,0.80MB,A19-531026_13_GML.zip
A19,離島振興対策実施地域,政策区域,1955,3,1,1,http://nlftp.mlit.go.jp/ksj/gml/data/A19/A19-55/A19-551001_01_GML.zip,0.47MB,A19-551001_01_GML.zip
A19,離島振興対策実施地域,政策区域,1960,3,1,1,http://nlftp.mlit.go.jp/ksj/gml/data/A19/A19-60/A19-601001_01_GML.zip,0.47MB,A19-601001_01_GML.zip
A19,離島振興対策実施地域,政策区域,1965,3,1,1,http://nlftp.mlit.go.jp/ksj/gml/data/A19/A19-65/A19-651001_01_GML.zip,0.47MB,A19-651001_01_GML.zip
A19,離島振興対策実施地域,政策区域,1970,3,1,1,http://nlftp.mlit.go.jp/ksj/gml/data/A19/A19-70/A19-701001_01_GML.zip,0.47MB,A19-701001_01_GML.zip
A19,離島振興対策実施地域,政策区域,1975,3,1,1,http://nlftp.mlit.go.jp/ksj/gml/data/A19/A19-75/A19-751001_01_GML.zip,0.47MB,A19-751001_01_GML.zip
A19,離島振興対策実施地域,政策区域,1980,3,1,1,http://nlftp.mlit.go.jp/ksj/gml/data/A19/A19-80/A19-801001_01_GML.zip,0.47MB,A19-801001_01_GML.zip
A19,離島振興対策実施地域,政策区域,1985,3,1,1,http://nlftp.mlit.go.jp/ksj/gml/data/A19/A19-85/A19-851001_01_GML.zip,0.47MB,A19-851001_01_GML.zip
A19,離島振興対策実施地域,政策区域,1990,3,1,1,http://nlftp.mlit.go.jp/ksj/gml/data/A19/A19-90/A19-901001_01_GML.zip,0.47MB,A19-901001_01_GML.zip
A19,離島振興対策実施地域,政策区域,1995,3,1,1,http://nlftp.mlit.go.jp/ksj/gml/data/A19/A19-95/A19-951001_01_GML.zip,0.47MB,A19-951001_01_GML.zip
A19,離島振興対策実施地域,政策区域,2000,3,1,1,http://nlftp.mlit.go.jp/ksj/gml/data/A19/A19-00/A19-001001_01_GML.zip,0.47MB,A19-001001_01_GML.zip
A19,離島振興対策実施地域,政策区域,2005,3,1,1,http://nlftp.mlit.go.jp/ksj/gml/data/A19/A19-05/A19-051001_01_GML.zip,0.47MB,A19-051001_01_GML.zip
A19,離島振興対策実施地域,政策区域,2007,3,1,1,http://nlftp.mlit.go.jp/ksj/gml/data/A19/A19-07/A19-070402_01_GML.zip,0.47MB,A19-070402_01_GML.zip
A19,離島振興対策実施地域,政策区域,2017,3,1,1,http://nlftp.mlit.go.jp/ksj/gml/data/A19/A19-17/A19-17_01_GML.zip,0.68MB,A19-17_01_GML.zip
A19s,離島振興対策実施地域統計情報,政策区域,1995,3,1,1,http://nlftp.mlit.go.jp/ksj/gml/data/A19s/A19s-95/A19s-95_01_GML.zip,1.96MB,A19s-95_01_GML.zip
A19s,離島振興対策実施地域統計情報,政策区域,2000,3,1,1,http://nlftp.mlit.go.jp/ksj/gml/data/A19s/A19s-00/A19s-00_01_GML.zip,1.95MB,A19s-00_01_GML.zip
A19s,離島振興対策実施地域統計情報,政策区域,2005,3,1,1,http://nlftp.mlit.go.jp/ksj/gml/data/A19s/A19s-05/A19s-05_01_GML.zip,1.95MB,A19s-05_01_GML.zip
A19s,離島振興対策実施地域統計情報,政策区域,2010,3,1,1,http://nlftp.mlit.go.jp/ksj/gml/data/A19s/A19s-10/A19s-10_01_GML.zip,1.95MB,A19s-10_01_GML.zip
A20,奄美群島,政策区域,1954,2,46,1,http://nlftp.mlit.go.jp/ksj/gml/data/A20/A20-54/A20-540621_46_GML.zip,2.74MB,A20-540621_46_GML.zip
A20,奄美群島,政策区域,1955,2,46,1,http://nlftp.mlit.go.jp/ksj/gml/data/A20/A20-55/A20-551001_46_GML.zip,2.74MB,A20-551001_46_GML.zip
A20,奄美群島,政策区域,1960,2,46,1,http://nlftp.mlit.go.jp/ksj/gml/data/A20/A20-60/A20-601001_46_GML.zip,2.74MB,A20-601001_46_GML.zip
A20,奄美群島,政策区域,1965,2,46,1,http://nlftp.mlit.go.jp/ksj/gml/data/A20/A20-65/A20-651001_46_GML.zip,2.74MB,A20-651001_46_GML.zip
A20,奄美群島,政策区域,1970,2,46,1,http://nlftp.mlit.go.jp/ksj/gml/data/A20/A20-70/A20-701001_46_GML.zip,2.74MB,A20-701001_46_GML.zip
A20,奄美群島,政策区域,1975,2,46,1,http://nlftp.mlit.go.jp/ksj/gml/data/A20/A20-75/A20-751001_46_GML.zip,2.74MB,A20-751001_46_GML.zip
A20,奄美群島,政策区域,1980,2,46,1,http://nlftp.mlit.go.jp/ksj/gml/data/A20/A20-80/A20-801001_46_GML.zip,2.74MB,A20-801001_46_GML.zip
A20,奄美群島,政策区域,1985,2,46,1,http://nlftp.mlit.go.jp/ksj/gml/data/A20/A20-85/A20-851001_46_GML.zip,2.74MB,A20-851001_46_GML.zip
A20,奄美群島,政策区域,1990,2,46,1,http://nlftp.mlit.go.jp/ksj/gml/data/A20/A20-90/A20-901001_46_GML.zip,2.74MB,A20-901001_46_GML.zip
A20,奄美群島,政策区域,1995,2,46,1,http://nlftp.mlit.go.jp/ksj/gml/data/A20/A20-95/A20-951001_46_GML.zip,2.74MB,A20-951001_46_GML.zip
A20,奄美群島,政策区域,2000,2,46,1,http://nlftp.mlit.go.jp/ksj/gml/data/A20/A20-00/A20-001001_46_GML.zip,2.74MB,A20-001001_46_GML.zip
A20,奄美群島,政策区域,2005,2,46,1,http://nlftp.mlit.go.jp/ksj/gml/data/A20/A20-05/A20-051001_46_GML.zip,2.74MB,A20-051001_46_GML.zip
A20,奄美群島,政策区域,2007,2,46,1,http://nlftp.mlit.go.jp/ksj/gml/data/A20/A20-07/A20-070402_46_GML.zip,2.74MB,A20-070402_46_GML.zip
A20s,奄美群島統計情報,政策区域,1995,3,46,1,http://nlftp.mlit.go.jp/ksj/gml/data/A20s/A20s-95/A20s-95_46_GML.zip,12.04MB,A20s-95_46_GML.zip
A20s,奄美群島統計情報,政策区域,2000,3,46,1,http://nlftp.mlit.go.jp/ksj/gml/data/A20s/A20s-00/A20s-00_46_GML.zip,12.00MB,A20s-00_46_GML.zip
A20s,奄美群島統計情報,政策区域,2005,3,46,1,http://nlftp.mlit.go.jp/ksj/gml/data/A20s/A20s-05/A20s-05_46_GML.zip,11.99MB,A20s-05_46_GML.zip
A20s,奄美群島統計情報,政策区域,2010,3,46,1,http://nlftp.mlit.go.jp/ksj/gml/data/A20s/A20s-10/A20s-10_46_GML.zip,11.98MB,A20s-10_46_GML.zip
A21,小笠原諸島,政策区域,1969,3,13,1,http://nlftp.mlit.go.jp/ksj/gml/data/A21/A21-69/A21-691208_13_GML.zip,1.54MB,A21-691208_13_GML.zip
A21,小笠原諸島,政策区域,1970,3,13,1,http://nlftp.mlit.go.jp/ksj/gml/data/A21/A21-70/A21-701001_13_GML.zip,1.54MB,A21-701001_13_GML.zip
A21,小笠原諸島,政策区域,1975,3,13,1,http://nlftp.mlit.go.jp/ksj/gml/data/A21/A21-75/A21-751001_13_GML.zip,1.54MB,A21-751001_13_GML.zip
A21,小笠原諸島,政策区域,1980,3,13,1,http://nlftp.mlit.go.jp/ksj/gml/data/A21/A21-80/A21-801001_13_GML.zip,1.54MB,A21-801001_13_GML.zip
A21,小笠原諸島,政策区域,1985,3,13,1,http://nlftp.mlit.go.jp/ksj/gml/data/A21/A21-85/A21-851001_13_GML.zip,1.54MB,A21-851001_13_GML.zip
A21,小笠原諸島,政策区域,1990,3,13,1,http://nlftp.mlit.go.jp/ksj/gml/data/A21/A21-90/A21-901001_13_GML.zip,1.54MB,A21-901001_13_GML.zip
A21,小笠原諸島,政策区域,1995,3,13,1,http://nlftp.mlit.go.jp/ksj/gml/data/A21/A21-95/A21-951001_13_GML.zip,1.54MB,A21-951001_13_GML.zip
A21,小笠原諸島,政策区域,2000,3,13,1,http://nlftp.mlit.go.jp/ksj/gml/data/A21/A21-00/A21-001001_13_GML.zip,1.54MB,A21-001001_13_GML.zip
A21,小笠原諸島,政策区域,2005,3,13,1,http://nlftp.mlit.go.jp/ksj/gml/data/A21/A21-05/A21-051001_13_GML.zip,1.54MB,A21-051001_13_GML.zip
A21,小笠原諸島,政策区域,2007,3,13,1,http://nlftp.mlit.go.jp/ksj/gml/data/A21/A21-07/A21-070402_13_GML.zip,1.54MB,A21-070402_13_GML.zip
A21s,小笠原諸島統計情報,政策区域,1995,3,13,1,http://nlftp.mlit.go.jp/ksj/gml/data/A21s/A21s-95/A21s-95_13_GML.zip,7.40MB,A21s-95_13_GML.zip
A21s,小笠原諸島統計情報,政策区域,2000,3,13,1,http://nlftp.mlit.go.jp/ksj/gml/data/A21s/A21s-00/A21s-00_13_GML.zip,7.40MB,A21s-00_13_GML.zip
A21s,小笠原諸島統計情報,政策区域,2005,3,13,1,http://nlftp.mlit.go.jp/ksj/gml/data/A21s/A21s-05/A21s-05_13_GML.zip,7.40MB,A21s-05_13_GML.zip
A21s,小笠原諸島統計情報,政策区域,2010,3,13,1,http://nlftp.mlit.go.jp/ksj/gml/data/A21s/A21s-10/A21s-10_13_GML.zip,7.40MB,A21s-10_13_GML.zip
A22,豪雪地帯,政策区域,1963,3,1,1,http://nlftp.mlit.go.jp/ksj/gml/data/A22/A22-63/A22-631101_01_GML.zip,24.54MB,A22-631101_01_GML.zip
A22,豪雪地帯,政策区域,1965,3,1,1,http://nlftp.mlit.go.jp/ksj/gml/data/A22/A22-65/A22-651001_01_GML.zip,24.54MB,A22-651001_01_GML.zip
A22,豪雪地帯,政策区域,1970,3,1,1,http://nlftp.mlit.go.jp/ksj/gml/data/A22/A22-70/A22-701001_01_GML.zip,24.54MB,A22-701001_01_GML.zip
A22,豪雪地帯,政策区域,1975,3,1,1,http://nlftp.mlit.go.jp/ksj/gml/data/A22/A22-75/A22-751001_01_GML.zip,24.50MB,A22-751001_01_GML.zip
A22,豪雪地帯,政策区域,1980,3,1,1,http://nlftp.mlit.go.jp/ksj/gml/data/A22/A22-80/A22-801001_01_GML.zip,24.49MB,A22-801001_01_GML.zip
A22,豪雪地帯,政策区域,1985,3,1,1,http://nlftp.mlit.go.jp/ksj/gml/data/A22/A22-85/A22-851001_01_GML.zip,24.49MB,A22-851001_01_GML.zip
A22,豪雪地帯,政策区域,1990,3,1,1,http://nlftp.mlit.go.jp/ksj/gml/data/A22/A22-90/A22-901001_01_GML.zip,24.49MB,A22-901001_01_GML.zip
A22,豪雪地帯,政策区域,1995,3,1,1,http://nlftp.mlit.go.jp/ksj/gml/data/A22/A22-95/A22-951001_01_GML.zip,24.49MB,A22-951001_01_GML.zip
A22,豪雪地帯,政策区域,2000,3,1,1,http://nlftp.mlit.go.jp/ksj/gml/data/A22/A22-00/A22-001001_01_GML.zip,24.49MB,A22-001001_01_GML.zip
A22,豪雪地帯,政策区域,2005,3,1,1,http://nlftp.mlit.go.jp/ksj/gml/data/A22/A22-05/A22-051001_01_GML.zip,24.49MB,A22-051001_01_GML.zip
A22,豪雪地帯,政策区域,2007,3,1,1,http://nlftp.mlit.go.jp/ksj/gml/data/A22/A22-07/A22-070402_01_GML.zip,24.49MB,A22-070402_01_GML.zip
A22,豪雪地帯,政策区域,2016,3,1,1,http://nlftp.mlit.go.jp/ksj/gml/data/A22/A22-16/A22-16_01_GML.zip,32.56MB,A22-16_01_GML.zip
A22-m,豪雪地帯（気象データ等）,政策区域,2014,3,1,1,http://nlftp.mlit.go.jp/ksj/gml/data/A22-m/A22-m-14/A22-m-14_01_GML.zip,67.80MB,A22-m-14_01_GML.zip
A22s,豪雪地帯統計情報,政策区域,1995,3,1,1,http://nlftp.mlit.go.jp/ksj/gml/data/A22s/A22s-95/A22s-95_01_GML.zip,58.74MB,A22s-95_01_GML.zip
A22s,豪雪地帯統計情報,政策区域,2000,3,1,1,http://nlftp.mlit.go.jp/ksj/gml/data/A22s/A22s-00/A22s-00_01_GML.zip,58.74MB,A22s-00_01_GML.zip
A22s,豪雪地帯統計情報,政策区域,2005,3,1,1,http://nlftp.mlit.go.jp/ksj/gml/data/A22s/A22s-05/A22s-05_01_GML.zip,60.12MB,A22s-05_01_GML.zip
A22s,豪雪地帯統計情報,政策区域,2010,3,1,1,http://nlftp.mlit.go.jp/ksj/gml/data/A22s/A22s-10/A22s-10_01_GML.zip,57.49MB,A22s-10_01_GML.zip
A23,特殊土壌地帯,政策区域,1952,3,28,1,http://nlftp.mlit.go.jp/ksj/gml/data/A23/A23-52/A23-521027_28_GML.zip,0.80MB,A23-521027_28_GML.zip
A23,特殊土壌地帯,政策区域,1955,3,28,1,http://nlftp.mlit.go.jp/ksj/gml/data/A23/A23-55/A23-551001_28_GML.zip,0.80MB,A23-551001_28_GML.zip
A23,特殊土壌地帯,政策区域,1960,3,22,1,http://nlftp.mlit.go.jp/ksj/gml/data/A23/A23-60/A23-601001_22_GML.zip,0.63MB,A23-601001_22_GML.zip
A23,特殊土壌地帯,政策区域,1965,3,22,1,http://nlftp.mlit.go.jp/ksj/gml/data/A23/A23-65/A23-651001_22_GML.zip,0.63MB,A23-651001_22_GML.zip
A23,特殊土壌地帯,政策区域,1970,3,22,1,http://nlftp.mlit.go.jp/ksj/gml/data/A23/A23-70/A23-701001_22_GML.zip,0.63MB,A23-701001_22_GML.zip
A23,特殊土壌地帯,政策区域,1975,3,22,1,http://nlftp.mlit.go.jp/ksj/gml/data/A23/A23-75/A23-751001_22_GML.zip,0.63MB,A23-751001_22_GML.zip
A23,特殊土壌地帯,政策区域,1980,3,22,1,http://nlftp.mlit.go.jp/ksj/gml/data/A23/A23-80/A23-801001_22_GML.zip,0.63MB,A23-801001_22_GML.zip
A23,特殊土壌地帯,政策区域,1985,3,22,1,http://nlftp.mlit.go.jp/ksj/gml/data/A23/A23-85/A23-851001_22_GML.zip,0.63MB,A23-851001_22_GML.zip
A23,特殊土壌地帯,政策区域,1990,3,22,1,http://nlftp.mlit.go.jp/ksj/gml/data/A23/A23-90/A23-901001_22_GML.zip,0.63MB,A23-901001_22_GML.zip
A23,特殊土壌地帯,政策区域,1995,3,22,1,http://nlftp.mlit.go.jp/ksj/gml/data/A23/A23-95/A23-951001_22_GML.zip,0.63MB,A23-951001_22_GML.zip
A23,特殊土壌地帯,政策区域,2000,3,22,1,http://nlftp.mlit.go.jp/ksj/gml/data/A23/A23-00/A23-001001_22_GML.zip,0.63MB,A23-001001_22_GML.zip
A23,特殊土壌地帯,政策区域,2005,3,22,1,http://nlftp.mlit.go.jp/ksj/gml/data/A23/A23-05/A23-051001_22_GML.zip,0.63MB,A23-051001_22_GML.zip
A23,特殊土壌地帯,政策区域,2007,3,22,1,http://nlftp.mlit.go.jp/ksj/gml/data/A23/A23-07/A23-070402_22_GML.zip,0.63MB,A23-070402_22_GML.zip
A23,特殊土壌地帯,政策区域,2016,3,22,1,http://nlftp.mlit.go.jp/ksj/gml/data/A23/A23-16/A23-16_22_GML.zip,0.67MB,A23-16_22_GML.zip
A24,振興山村,政策区域,1966,3,1,1,http://nlftp.mlit.go.jp/ksj/gml/data/A24/A24-66/A24-660331_01_GML.zip,0.55MB,A24-660331_01_GML.zip
A24,振興山村,政策区域,1970,3,1,1,http://nlftp.mlit.go.jp/ksj/gml/data/A24/A24-70/A24-701001_01_GML.zip,7.03MB,A24-701001_01_GML.zip
A24,振興山村,政策区域,1975,3,1,1,http://nlftp.mlit.go.jp/ksj/gml/data/A24/A24-75/A24-751001_01_GML.zip,14.19MB,A24-751001_01_GML.zip
A24,振興山村,政策区域,1980,3,1,1,http://nlftp.mlit.go.jp/ksj/gml/data/A24/A24-80/A24-801001_01_GML.zip,14.19MB,A24-801001_01_GML.zip
A24,振興山村,政策区域,1985,3,1,1,http://nlftp.mlit.go.jp/ksj/gml/data/A24/A24-85/A24-851001_01_GML.zip,14.19MB,A24-851001_01_GML.zip
A24,振興山村,政策区域,1990,3,1,1,http://nlftp.mlit.go.jp/ksj/gml/data/A24/A24-90/A24-901001_01_GML.zip,14.19MB,A24-901001_01_GML.zip
A24,振興山村,政策区域,1995,3,1,1,http://nlftp.mlit.go.jp/ksj/gml/data/A24/A24-95/A24-951001_01_GML.zip,14.19MB,A24-951001_01_GML.zip
A24,振興山村,政策区域,2000,3,1,1,http://nlftp.mlit.go.jp/ksj/gml/data/A24/A24-00/A24-001001_01_GML.zip,14.19MB,A24-001001_01_GML.zip
A24,振興山村,政策区域,2005,3,1,1,http://nlftp.mlit.go.jp/ksj/gml/data/A24/A24-05/A24-051001_01_GML.zip,14.19MB,A24-051001_01_GML.zip
A24,振興山村,政策区域,2007,3,1,1,http://nlftp.mlit.go.jp/ksj/gml/data/A24/A24-07/A24-070402_01_GML.zip,14.19MB,A24-070402_01_GML.zip
A24,振興山村,政策区域,2016,3,1,1,http://nlftp.mlit.go.jp/ksj/gml/data/A24/A24-16/A24-16_01_GML.zip,16.63MB,A24-16_01_GML.zip
A25,特定農山村地域,政策区域,1993,3,1,1,http://nlftp.mlit.go.jp/ksj/gml/data/A25/A25-93/A25-930928_01_GML.zip,14.27MB,A25-930928_01_GML.zip
A25,特定農山村地域,政策区域,1995,3,1,1,http://nlftp.mlit.go.jp/ksj/gml/data/A25/A25-95/A25-951001_01_GML.zip,14.27MB,A25-951001_01_GML.zip
A25,特定農山村地域,政策区域,2000,3,1,1,http://nlftp.mlit.go.jp/ksj/gml/data/A25/A25-00/A25-001001_01_GML.zip,14.27MB,A25-001001_01_GML.zip
A25,特定農山村地域,政策区域,2005,3,1,1,http://nlftp.mlit.go.jp/ksj/gml/data/A25/A25-05/A25-051001_01_GML.zip,14.27MB,A25-051001_01_GML.zip
A25,特定農山村地域,政策区域,2007,3,1,1,http://nlftp.mlit.go.jp/ksj/gml/data/A25/A25-07/A25-070402_01_GML.zip,14.27MB,A25-070402_01_GML.zip
A25,特定農山村地域,政策区域,2016,3,1,1,http://nlftp.mlit.go.jp/ksj/gml/data/A25/A25-16/A25-16_01_GML.zip,17.21MB,A25-16_01_GML.zip
A26,土砂災害危険箇所,政策区域,2010,3,1,1,http://nlftp.mlit.go.jp/ksj/gml/data/A26/A26-10/A26-10_01_GML.zip,6.97MB,A26-10_01_GML.zip
A27,小学校区,政策区域,2010,3,1,1,http://nlftp.mlit.go.jp/ksj/gml/data/A27/A27-10/A27-10_01_GML.zip,20.03MB,A27-10_01_GML.zip
A27,小学校区,政策区域,2016,3,1,1,http://nlftp.mlit.go.jp/ksj/gml/data/A27/A27-16/A27-16_01_GML.zip,15.88MB,A27-16_01_GML.zip
A28,世界自然遺産,地域,2010,1,0,1,http://nlftp.mlit.go.jp/ksj/gml/data/A28/A28-10/A28-10_GML.zip,0.14MB,A28-10_GML.zip
A28,世界自然遺産,地域,2011,1,0,1,http://nlftp.mlit.go.jp/ksj/gml/data/A28/A28-11/A28-11_GML.zip,1.11MB,A28-11_GML.zip
A29,用途地域,国土（水・土地）,2011,3,1,1,http://nlftp.mlit.go.jp/ksj/gml/data/A29/A29-11/A29-11_01_GML.zip,2.85MB,A29-11_01_GML.zip
A30a5,土砂災害・雪崩メッシュ,政策区域,2011,4,3927,1,http://nlftp.mlit.go.jp/ksj/gml/data/A30a5/A30a5-11/A30a5-11_3927-jgd_GML.zip,0.01MB,A30a5-11_3927-jgd_GML.zip
A30b,竜巻等突風,政策区域,2011,1,0,1,http://nlftp.mlit.go.jp/ksj/gml/data/A30b/A30b-11/A30b-11_GML.zip,0.48MB,A30b-11_GML.zip
A31,浸水想定区域,政策区域,2012,3,1,1,http://nlftp.mlit.go.jp/ksj/gml/data/A31/A31-12/A31-12_01_GML.zip,290.71MB,A31-12_01_GML.zip
A32,中学校区,政策区域,2013,3,1,1,http://nlftp.mlit.go.jp/ksj/gml/data/A32/A32-13/A32-13_01.zip,17.0MB,A32-13_01.zip
A32,中学校区,政策区域,2016,3,1,1,http://nlftp.mlit.go.jp/ksj/gml/data/A32/A32-16/A32-16_01_GML.zip,15.15MB,A32-16_01_GML.zip
A33,土砂災害警戒区域,政策区域,2013,3,0,1,http://nlftp.mlit.go.jp/ksj/gml/data/A33/A33-13/A33-13_00_GML.zip,269.76MB,A33-13_00_GML.zip
A33,土砂災害警戒区域,政策区域,2015,3,0,1,http://nlftp.mlit.go.jp/ksj/gml/data/A33/A33-15/A33-15_00_GML.zip,444MB,A33-15_00_GML.zip
A33,土砂災害警戒区域,政策区域,2016,3,0,1,http://nlftp.mlit.go.jp/ksj/gml/data/A33/A33-16/A33-16_00_GML.zip,540.00MB,A33-16_00_GML.zip
A33,土砂災害警戒区域,政策区域,2017,3,0,1,http://nlftp.mlit.go.jp/ksj/gml/data/A33/A33-17/A33-17_00_GML.zip,1105.9MB,A33-17_00_GML.zip
A33,土砂災害警戒区域,政策区域,2018,3,0,1,http://nlftp.mlit.go.jp/ksj/gml/data/A33/A33-18/A33-18_00_GML.zip,739MB,A33-18_00_GML.zip
A34,世界文化遺産,地域,2015,3,0,1,http://nlftp.mlit.go.jp/ksj/gml/data/A34/A34-15/A34-150302_GML.zip,0.64MB,A34-150302_GML.zip
A34,世界文化遺産,地域,2017,3,0,1,http://nlftp.mlit.go.jp/ksj/gml/data/A34/A34-17/A34-180316_GML.zip,1.68MB,A34-180316_GML.zip
A35a,景観計画区域,政策区域,2014,3,1,1,http://nlftp.mlit.go.jp/ksj/gml/data/A35a/A35a-14/A35a-14_01_GML.zip,12.45MB,A35a-14_01_GML.zip
A35b,景観地区・準景観地区,政策区域,2014,3,1,1,http://nlftp.mlit.go.jp/ksj/gml/data/A35b/A35b-14/A35b-14_01_GML.zip,0.06MB,A35b-14_01_GML.zip
A35c,景観重要建造物・樹木,政策区域,2014,3,1,1,http://nlftp.mlit.go.jp/ksj/gml/data/A35c/A35c-14/A35c-14_01_GML.zip,0.01MB,A35c-14_01_GML.zip
A37,半島循環道路,政策区域,2015,3,1,1,http://nlftp.mlit.go.jp/ksj/gml/data/A37/A37-15/A37-15_01_GML.zip,6.69MB,A37-15_01_GML.zip
A38,医療圏,政策区域,2014,3,0,1,http://nlftp.mlit.go.jp/ksj/gml/data/A38/A38-14/A38-14_GML.zip,194.82MB,A38-14_GML.zip
A39,密集市街地,政策区域,2015,1,0,1,http://nlftp.mlit.go.jp/ksj/gml/data/A39/A39-15/A39-15_GML.zip,0.26MB,A39-15_GML.zip
A40,津波浸水想定,政策区域,2016,3,2,1,http://nlftp.mlit.go.jp/ksj/gml/data/A40/A40-16/A40-16_02_GML.zip,22.80MB,A40-16_02_GML.zip
A40,津波浸水想定,政策区域,2017,3,1,1,http://nlftp.mlit.go.jp/ksj/gml/data/A40/A40-17/A40-17_01_GML.zip,41.69MB,A40-17_01_GML.zip
A40,津波浸水想定,政策区域,2018,3,28,1,http://nlftp.mlit.go.jp/ksj/gml/data/A40/A40-18/A40-18_28_GML.zip,2.51MB,A40-18_28_GML.zip
A42,歴史的風土保存区域,政策区域,2018,1,0,1,http://nlftp.mlit.go.jp/ksj/gml/data/A42/A42-18/A42-18_GML.zip,2.71MB,A42-18_GML.zip
A43,伝統的建造物群保存地区,政策区域,2018,1,0,1,http://nlftp.mlit.go.jp/ksj/gml/data/A43/A43-18/A43-18_GML.zip,0.85MB,A43-18_GML.zip
A44,歴史的風致維持向上計画の重点地区,政策区域,2018,1,0,1,http://nlftp.mlit.go.jp/ksj/gml/data/A44/A44-18/A44-18_GML.zip,1.16MB,A44-18_GML.zip
C02,港湾,交通,2006,1,0,1,http://nlftp.mlit.go.jp/ksj/gml/data/C02/C02-06/C02-06_GML.zip,0.63MB,C02-06_GML.zip
C02,港湾,交通,2008,1,0,1,http://nlftp.mlit.go.jp/ksj/gml/data/C02/C02-08/C02-08_GML.zip,0.62MB,C02-08_GML.zip
C02,港湾,交通,2014,1,0,1,http://nlftp.mlit.go.jp/ksj/gml/data/C02/C02-14/C02-14_GML.zip,0.61MB,C02-14_GML.zip
C09,漁港,交通,2006,1,0,1,http://nlftp.mlit.go.jp/ksj/gml/data/C09/C09-06/C09-06_GML.zip,1.16MB,C09-06_GML.zip
C23,海岸線,国土（水・土地）,2006,3,1,1,http://nlftp.mlit.go.jp/ksj/gml/data/C23/C23-06/C23-06_01_GML.zip,5.55MB,C23-06_01_GML.zip
C28,空港,交通,2004,1,0,1,http://nlftp.mlit.go.jp/ksj/gml/data/C28/C28-04/C28-04_GML.zip,0.17MB,C28-04_GML.zip
C28,空港,交通,2007,1,0,1,http://nlftp.mlit.go.jp/ksj/gml/data/C28/C28-07/C28-07_GML.zip,0.18MB,C28-07_GML.zip
C28,空港,交通,2011,1,0,1,http://nlftp.mlit.go.jp/ksj/gml/data/C28/C28-11/C28-11_GML.zip,0.18MB,C28-11_GML.zip
C28,空港,交通,2012,1,0,1,http://nlftp.mlit.go.jp/ksj/gml/data/C28/C28-12/C28-12_GML.zip,0.20MB,C28-12_GML.zip
C28,空港,交通,2013,1,0,1,http://nlftp.mlit.go.jp/ksj/gml/data/C28/C28-13/C28-13.zip,0.21MB,C28-13.zip
C28,空港,交通,2014,1,0,1,http://nlftp.mlit.go.jp/ksj/gml/data/C28/C28-14/C28-14_GML.zip,0.23MB,C28-14_GML.zip
C28,空港,交通,2015,1,0,1,http://nlftp.mlit.go.jp/ksj/gml/data/C28/C28-15/C28-15_GML.zip,0.22MB,C28-15_GML.zip
C28,空港,交通,2016,1,0,1,http://nlftp.mlit.go.jp/ksj/gml/data/C28/C28-16/C28-16_GML.zip,0.32MB,C28-16_GML.zip
C28,空港,交通,2017,1,0,1,http://nlftp.mlit.go.jp/ksj/gml/data/C28/C28-17/C28-17_GML.zip,0.36MB,C28-17_GML.zip
C28,空港,交通,2018,1,0,1,http://nlftp.mlit.go.jp/ksj/gml/data/C28/C28-18/C28-18_GML.zip,0.33MB,C28-18_GML.zip
G02,平年値メッシュ,政策区域,2012,4,3622,1,http://nlftp.mlit.go.jp/ksj/gml/data/G02/G02-12/G02-12_3622-jgd_GML.zip,0.01MB,G02-12_3622-jgd_GML.zip
G04-a,標高・傾斜度3次メッシュ,国土（水・土地）,2011,4,3036,1,http://nlftp.mlit.go.jp/ksj/gml/data/G04-a/G04-a-11/G04-a-11_3036-jgd_GML.zip,0.01MB,G04-a-11_3036-jgd_GML.zip
G04-c,標高・傾斜度4次メッシュ,国土（水・土地）,2011,4,3036,1,http://nlftp.mlit.go.jp/ksj/gml/data/G04-c/G04-c-11/G04-c-11_3036-jgd_GML.zip,0.02MB,G04-c-11_3036-jgd_GML.zip
G04-d,標高・傾斜度5次メッシュ,国土（水・土地）,2011,4,3036,1,http://nlftp.mlit.go.jp/ksj/gml/data/G04-d/G04-d-11/G04-d-11_3036-jgd_GML.zip,0.01MB,G04-d-11_3036-jgd_GML.zip
G08,低位地帯,国土（水・土地）,2015,3,1,1,http://nlftp.mlit.go.jp/ksj/gml/data/G08/G08-15/G08-15_01_GML.zip,115.56MB,G08-15_01_GML.zip
L01,地価公示,国土（水・土地）,1983,3,1,1,http://nlftp.mlit.go.jp/ksj/gml/data/L01/L01-83/L01-83_01_GML.zip,0.10MB,L01-83_01_GML.zip
L01,地価公示,国土（水・土地）,1984,3,1,1,http://nlftp.mlit.go.jp/ksj/gml/data/L01/L01-84/L01-84_01_GML.zip,0.11MB,L01-84_01_GML.zip
L01,地価公示,国土（水・土地）,1985,3,1,1,http://nlftp.mlit.go.jp/ksj/gml/data/L01/L01-85/L01-85_01_GML.zip,0.11MB,L01-85_01_GML.zip
L01,地価公示,国土（水・土地）,1986,3,1,1,http://nlftp.mlit.go.jp/ksj/gml/data/L01/L01-86/L01-86_01_GML.zip,0.11MB,L01-86_01_GML.zip
L01,地価公示,国土（水・土地）,1987,3,1,1,http://nlftp.mlit.go.jp/ksj/gml/data/L01/L01-87/L01-87_01_GML.zip,0.11MB,L01-87_01_GML.zip
L01,地価公示,国土（水・土地）,1988,3,1,1,http://nlftp.mlit.go.jp/ksj/gml/data/L01/L01-88/L01-88_01_GML.zip,0.11MB,L01-88_01_GML.zip
L01,地価公示,国土（水・土地）,1989,3,1,1,http://nlftp.mlit.go.jp/ksj/gml/data/L01/L01-89/L01-89_01_GML.zip,0.11MB,L01-89_01_GML.zip
L01,地価公示,国土（水・土地）,1990,3,1,1,http://nlftp.mlit.go.jp/ksj/gml/data/L01/L01-90/L01-90_01_GML.zip,0.11MB,L01-90_01_GML.zip
L01,地価公示,国土（水・土地）,1991,3,1,1,http://nlftp.mlit.go.jp/ksj/gml/data/L01/L01-91/L01-91_01_GML.zip,0.12MB,L01-91_01_GML.zip
L01,地価公示,国土（水・土地）,1992,3,1,1,http://nlftp.mlit.go.jp/ksj/gml/data/L01/L01-92/L01-92_01_GML.zip,0.12MB,L01-92_01_GML.zip
L01,地価公示,国土（水・土地）,1993,3,1,1,http://nlftp.mlit.go.jp/ksj/gml/data/L01/L01-93/L01-93_01_GML.zip,0.13MB,L01-93_01_GML.zip
L01,地価公示,国土（水・土地）,1994,3,1,1,http://nlftp.mlit.go.jp/ksj/gml/data/L01/L01-94/L01-94_01_GML.zip,0.17MB,L01-94_01_GML.zip
L01,地価公示,国土（水・土地）,1995,3,1,1,http://nlftp.mlit.go.jp/ksj/gml/data/L01/L01-95/L01-95_01_GML.zip,0.19MB,L01-95_01_GML.zip
L01,地価公示,国土（水・土地）,1996,3,1,1,http://nlftp.mlit.go.jp/ksj/gml/data/L01/L01-96/L01-96_01_GML.zip,0.19MB,L01-96_01_GML.zip
L01,地価公示,国土（水・土地）,1997,3,1,1,http://nlftp.mlit.go.jp/ksj/gml/data/L01/L01-97/L01-97_01_GML.zip,0.20MB,L01-97_01_GML.zip
L01,地価公示,国土（水・土地）,1998,3,1,1,http://nlftp.mlit.go.jp/ksj/gml/data/L01/L01-98/L01-98_01_GML.zip,0.20MB,L01-98_01_GML.zip
L01,地価公示,国土（水・土地）,1999,3,1,1,http://nlftp.mlit.go.jp/ksj/gml/data/L01/L01-99/L01-99_01_GML.zip,0.20MB,L01-99_01_GML.zip
L01,地価公示,国土（水・土地）,2000,3,1,1,http://nlftp.mlit.go.jp/ksj/gml/data/L01/L01-00/L01-00_01_GML.zip,0.20MB,L01-00_01_GML.zip
L01,地価公示,国土（水・土地）,2001,3,1,1,http://nlftp.mlit.go.jp/ksj/gml/data/L01/L01-01/L01-01_01_GML.zip,0.20MB,L01-01_01_GML.zip
L01,地価公示,国土（水・土地）,2002,3,1,1,http://nlftp.mlit.go.jp/ksj/gml/data/L01/L01-02/L01-02_01_GML.zip,0.20MB,L01-02_01_GML.zip
L01,地価公示,国土（水・土地）,2003,3,1,1,http://nlftp.mlit.go.jp/ksj/gml/data/L01/L01-03/L01-03_01_GML.zip,0.20MB,L01-03_01_GML.zip
L01,地価公示,国土（水・土地）,2004,3,1,1,http://nlftp.mlit.go.jp/ksj/gml/data/L01/L01-04/L01-04_01_GML.zip,0.20MB,L01-04_01_GML.zip
L01,地価公示,国土（水・土地）,2005,3,1,1,http://nlftp.mlit.go.jp/ksj/gml/data/L01/L01-05/L01-05_01_GML.zip,0.20MB,L01-05_01_GML.zip
L01,地価公示,国土（水・土地）,2006,3,1,1,http://nlftp.mlit.go.jp/ksj/gml/data/L01/L01-06/L01-06_01_GML.zip,0.19MB,L01-06_01_GML.zip
L01,地価公示,国土（水・土地）,2007,3,0,1,http://nlftp.mlit.go.jp/ksj/gml/data/L01/L01-07/L01-07_GML.zip,3.58MB,L01-07_GML.zip
L01,地価公示,国土（水・土地）,2008,3,0,1,http://nlftp.mlit.go.jp/ksj/gml/data/L01/L01-08/L01-08_GML.zip,3.91MB,L01-08_GML.zip
L01,地価公示,国土（水・土地）,2009,3,0,1,http://nlftp.mlit.go.jp/ksj/gml/data/L01/L01-09/L01-09_GML.zip,3.80MB,L01-09_GML.zip
L01,地価公示,国土（水・土地）,2010,3,0,1,http://nlftp.mlit.go.jp/ksj/gml/data/L01/L01-10/L01-10_GML.zip,3.75MB,L01-10_GML.zip
L01,地価公示,国土（水・土地）,2011,3,0,1,http://nlftp.mlit.go.jp/ksj/gml/data/L01/L01-11/L01-11_GML.zip,3.52MB,L01-11_GML.zip
L01,地価公示,国土（水・土地）,2012,3,0,1,http://nlftp.mlit.go.jp/ksj/gml/data/L01/L01-12/L01-12_GML.zip,3.12MB,L01-12_GML.zip
L01,地価公示,国土（水・土地）,2017,3,1,1,http://nlftp.mlit.go.jp/ksj/gml/data/L01/L01-17/L01-17_01_GML.zip,0.59MB,L01-17_01_GML.zip
L01,地価公示,国土（水・土地）,2013,3,1,1,http://nlftp.mlit.go.jp/ksj/gml/data/L01/L01-13/L01-13_01_GML.zip,0.17MB,L01-13_01_GML.zip
L01,地価公示,国土（水・土地）,2014,3,1,1,http://nlftp.mlit.go.jp/ksj/gml/data/L01/L01-14/L01-14_01_GML.zip,0.54MB,L01-14_01_GML.zip
L01,地価公示,国土（水・土地）,2018,3,1,1,http://nlftp.mlit.go.jp/ksj/gml/data/L01/L01-18/L01-18_01_GML.zip,0.77MB,L01-18_01_GML.zip
L01,地価公示,国土（水・土地）,2015,3,1,1,http://nlftp.mlit.go.jp/ksj/gml/data/L01/L01-15/L01-15_01_GML.zip,0.58MB,L01-15_01_GML.zip
L01,地価公示,国土（水・土地）,2016,3,1,1,http://nlftp.mlit.go.jp/ksj/gml/data/L01/L01-16/L01-16_01_GML.zip,0.61MB,L01-16_01_GML.zip
L01,地価公示,国土（水・土地）,2019,3,1,1,http://nlftp.mlit.go.jp/ksj/gml/data/L01/L01-19/L01-19_01_GML.zip,0.93MB,L01-19_01_GML.zip
L02,都道府県地価調査,国土（水・土地）,1983,3,1,1,http://nlftp.mlit.go.jp/ksj/gml/data/L02/L02-83/L02-83_01_GML.zip,0.18MB,L02-83_01_GML.zip
L02,都道府県地価調査,国土（水・土地）,1984,3,1,1,http://nlftp.mlit.go.jp/ksj/gml/data/L02/L02-84/L02-84_01_GML.zip,0.20MB,L02-84_01_GML.zip
L02,都道府県地価調査,国土（水・土地）,1985,3,1,1,http://nlftp.mlit.go.jp/ksj/gml/data/L02/L02-85/L02-85_01_GML.zip,0.19MB,L02-85_01_GML.zip
L02,都道府県地価調査,国土（水・土地）,1986,3,1,1,http://nlftp.mlit.go.jp/ksj/gml/data/L02/L02-86/L02-86_01_GML.zip,0.18MB,L02-86_01_GML.zip
L02,都道府県地価調査,国土（水・土地）,1987,3,1,1,http://nlftp.mlit.go.jp/ksj/gml/data/L02/L02-87/L02-87_01_GML.zip,0.18MB,L02-87_01_GML.zip
L02,都道府県地価調査,国土（水・土地）,1988,3,1,1,http://nlftp.mlit.go.jp/ksj/gml/data/L02/L02-88/L02-88_01_GML.zip,0.18MB,L02-88_01_GML.zip
L02,都道府県地価調査,国土（水・土地）,1989,3,1,1,http://nlftp.mlit.go.jp/ksj/gml/data/L02/L02-89/L02-89_01_GML.zip,0.18MB,L02-89_01_GML.zip
L02,都道府県地価調査,国土（水・土地）,1990,3,1,1,http://nlftp.mlit.go.jp/ksj/gml/data/L02/L02-90/L02-90_01_GML.zip,0.18MB,L02-90_01_GML.zip
L02,都道府県地価調査,国土（水・土地）,1991,3,1,1,http://nlftp.mlit.go.jp/ksj/gml/data/L02/L02-91/L02-91_01_GML.zip,0.19MB,L02-91_01_GML.zip
L02,都道府県地価調査,国土（水・土地）,1992,3,1,1,http://nlftp.mlit.go.jp/ksj/gml/data/L02/L02-92/L02-92_01_GML.zip,0.19MB,L02-92_01_GML.zip
L02,都道府県地価調査,国土（水・土地）,1993,3,1,1,http://nlftp.mlit.go.jp/ksj/gml/data/L02/L02-93/L02-93_01_GML.zip,0.20MB,L02-93_01_GML.zip
L02,都道府県地価調査,国土（水・土地）,1994,3,1,1,http://nlftp.mlit.go.jp/ksj/gml/data/L02/L02-94/L02-94_01_GML.zip,0.20MB,L02-94_01_GML.zip
L02,都道府県地価調査,国土（水・土地）,1995,3,1,1,http://nlftp.mlit.go.jp/ksj/gml/data/L02/L02-95/L02-95_01_GML.zip,0.20MB,L02-95_01_GML.zip
L02,都道府県地価調査,国土（水・土地）,1996,3,1,1,http://nlftp.mlit.go.jp/ksj/gml/data/L02/L02-96/L02-96_01_GML.zip,0.20MB,L02-96_01_GML.zip
L02,都道府県地価調査,国土（水・土地）,1997,3,1,1,http://nlftp.mlit.go.jp/ksj/gml/data/L02/L02-97/L02-97_01_GML.zip,0.20MB,L02-97_01_GML.zip
L02,都道府県地価調査,国土（水・土地）,1998,3,1,1,http://nlftp.mlit.go.jp/ksj/gml/data/L02/L02-98/L02-98_01_GML.zip,0.20MB,L02-98_01_GML.zip
L02,都道府県地価調査,国土（水・土地）,1999,3,1,1,http://nlftp.mlit.go.jp/ksj/gml/data/L02/L02-99/L02-99_01_GML.zip,0.20MB,L02-99_01_GML.zip
L02,都道府県地価調査,国土（水・土地）,2000,3,1,1,http://nlftp.mlit.go.jp/ksj/gml/data/L02/L02-00/L02-00_01_GML.zip,0.20MB,L02-00_01_GML.zip
L02,都道府県地価調査,国土（水・土地）,2001,3,1,1,http://nlftp.mlit.go.jp/ksj/gml/data/L02/L02-01/L02-01_01_GML.zip,0.20MB,L02-01_01_GML.zip
L02,都道府県地価調査,国土（水・土地）,2002,3,1,1,http://nlftp.mlit.go.jp/ksj/gml/data/L02/L02-02/L02-02_01_GML.zip,0.20MB,L02-02_01_GML.zip
L02,都道府県地価調査,国土（水・土地）,2003,3,1,1,http://nlftp.mlit.go.jp/ksj/gml/data/L02/L02-03/L02-03_01_GML.zip,0.20MB,L02-03_01_GML.zip
L02,都道府県地価調査,国土（水・土地）,2004,3,1,1,http://nlftp.mlit.go.jp/ksj/gml/data/L02/L02-04/L02-04_01_GML.zip,0.20MB,L02-04_01_GML.zip
L02,都道府県地価調査,国土（水・土地）,2005,3,1,1,http://nlftp.mlit.go.jp/ksj/gml/data/L02/L02-05/L02-05_01_GML.zip,0.19MB,L02-05_01_GML.zip
L02,都道府県地価調査,国土（水・土地）,2006,3,0,1,http://nlftp.mlit.go.jp/ksj/gml/data/L02/L02-06/L02-06_GML.zip,3.21MB,L02-06_GML.zip
L02,都道府県地価調査,国土（水・土地）,2007,3,0,1,http://nlftp.mlit.go.jp/ksj/gml/data/L02/L02-07/L02-07_GML.zip,3.52MB,L02-07_GML.zip
L02,都道府県地価調査,国土（水・土地）,2008,3,0,1,http://nlftp.mlit.go.jp/ksj/gml/data/L02/L02-08/L02-08_GML.zip,3.42MB,L02-08_GML.zip
L02,都道府県地価調査,国土（水・土地）,2009,3,0,1,http://nlftp.mlit.go.jp/ksj/gml/data/L02/L02-09/L02-09_GML.zip,3.32MB,L02-09_GML.zip
L02,都道府県地価調査,国土（水・土地）,2010,3,0,1,http://nlftp.mlit.go.jp/ksj/gml/data/L02/L02-10/L02-10_GML.zip,3.28MB,L02-10_GML.zip
L02,都道府県地価調査,国土（水・土地）,2011,3,0,1,http://nlftp.mlit.go.jp/ksj/gml/data/L02/L02-11/L02-11_GML.zip,3.32MB,L02-11_GML.zip
L02,都道府県地価調査,国土（水・土地）,2012,3,0,1,http://nlftp.mlit.go.jp/ksj/gml/data/L02/L02-12/L02-12_GML.zip,3.03MB,L02-12_GML.zip
L02,都道府県地価調査,国土（水・土地）,2013,3,0,1,http://nlftp.mlit.go.jp/ksj/gml/data/L02/L02-13/L02-13_GML.zip,9.30MB,L02-13_GML.zip
L02,都道府県地価調査,国土（水・土地）,2017,3,1,1,http://nlftp.mlit.go.jp/ksj/gml/data/L02/L02-17/L02-17_01_GML.zip,0.51MB,L02-17_01_GML.zip
L02,都道府県地価調査,国土（水・土地）,2014,3,0,1,http://nlftp.mlit.go.jp/ksj/gml/data/L02/L02-14/L02-14.zip,9.3MB,L02-14.zip
L02,都道府県地価調査,国土（水・土地）,2015,3,1,1,http://nlftp.mlit.go.jp/ksj/gml/data/L02/L02-15/L02-15_01_GML.zip,0.49MB,L02-15_01_GML.zip
L02,都道府県地価調査,国土（水・土地）,2018,3,0,1,http://nlftp.mlit.go.jp/ksj/gml/data/L02/L02-18/L02-18_GML.zip,15.84MB,L02-18_GML.zip
L02,都道府県地価調査,国土（水・土地）,2016,3,1,1,http://nlftp.mlit.go.jp/ksj/gml/data/L02/L02-16/L02-16_01_GML.zip,0.51MB,L02-16_01_GML.zip
L03-a,土地利用3次メッシュ,国土（水・土地）,1976,4,3036,2,http://nlftp.mlit.go.jp/ksj/gml/data/L03-a/L03-a-76/L03-a-76_3036_GML.zip,0.01MB,L03-a-76_3036_GML.zip
L03-a,土地利用3次メッシュ,国土（水・土地）,1987,4,3036,2,http://nlftp.mlit.go.jp/ksj/gml/data/L03-a/L03-a-87/L03-a-87_3036_GML.zip,0.01MB,L03-a-87_3036_GML.zip
L03-a,土地利用3次メッシュ,国土（水・土地）,1991,4,3036,2,http://nlftp.mlit.go.jp/ksj/gml/data/L03-a/L03-a-91/L03-a-91_3036_GML.zip,0.01MB,L03-a-91_3036_GML.zip
L03-a,土地利用3次メッシュ,国土（水・土地）,1997,4,3036,2,http://nlftp.mlit.go.jp/ksj/gml/data/L03-a/L03-a-97/L03-a-97_3036_GML.zip,0.01MB,L03-a-97_3036_GML.zip
L03-a,土地利用3次メッシュ,国土（水・土地）,2006,4,3035,1,http://nlftp.mlit.go.jp/ksj/gml/data/L03-a/L03-a-06/L03-a-06_3035-jgd_GML.zip,0.01MB,L03-a-06_3035-jgd_GML.zip
L03-a,土地利用3次メッシュ,国土（水・土地）,2009,4,3036,1,http://nlftp.mlit.go.jp/ksj/gml/data/L03-a/L03-a-09/L03-a-09_3036-jgd_GML.zip,0.03MB,L03-a-09_3036-jgd_GML.zip
L03-a,土地利用3次メッシュ,国土（水・土地）,2016,4,4630,1,http://nlftp.mlit.go.jp/ksj/gml/data/L03-a/L03-a-16/L03-a-16_4630-jgd_GML.zip,0.10MB,L03-a-16_4630-jgd_GML.zip
L03-a,土地利用3次メッシュ,国土（水・土地）,2014,4,3036,1,http://nlftp.mlit.go.jp/ksj/gml/data/L03-a/L03-a-14/L03-a-14_3036-jgd_GML.zip,0.02MB,L03-a-14_3036-jgd_GML.zip
L03-b,土地利用細分メッシュ,国土（水・土地）,1976,4,3036,2,http://nlftp.mlit.go.jp/ksj/gml/data/L03-b/L03-b-76/L03-b-76_3036_GML.zip,0.22MB,L03-b-76_3036_GML.zip
L03-b,土地利用細分メッシュ,国土（水・土地）,1987,4,3036,2,http://nlftp.mlit.go.jp/ksj/gml/data/L03-b/L03-b-87/L03-b-87_3036_GML.zip,0.22MB,L03-b-87_3036_GML.zip
L03-b,土地利用細分メッシュ,国土（水・土地）,1991,4,3036,2,http://nlftp.mlit.go.jp/ksj/gml/data/L03-b/L03-b-91/L03-b-91_3036_GML.zip,0.22MB,L03-b-91_3036_GML.zip
L03-b,土地利用細分メッシュ,国土（水・土地）,1997,4,3036,2,http://nlftp.mlit.go.jp/ksj/gml/data/L03-b/L03-b-97/L03-b-97_3036_GML.zip,0.22MB,L03-b-97_3036_GML.zip
L03-b,土地利用細分メッシュ,国土（水・土地）,2006,4,3035,1,http://nlftp.mlit.go.jp/ksj/gml/data/L03-b/L03-b-06/L03-b-06_3035-jgd_GML.zip,0.44MB,L03-b-06_3035-jgd_GML.zip
L03-b,土地利用細分メッシュ,国土（水・土地）,2009,4,3036,1,http://nlftp.mlit.go.jp/ksj/gml/data/L03-b/L03-b-09/L03-b-09_3036-jgd_GML.zip,0.53MB,L03-b-09_3036-jgd_GML.zip
L03-b,土地利用細分メッシュ,国土（水・土地）,2016,4,4630,2,http://nlftp.mlit.go.jp/ksj/gml/data/L03-b/L03-b-16/L03-b-16_4630-tky_GML.zip,4.27MB,L03-b-16_4630-tky_GML.zip
L03-b,土地利用細分メッシュ,国土（水・土地）,2014,4,3036,1,http://nlftp.mlit.go.jp/ksj/gml/data/L03-b/L03-b-14/L03-b-14_3036-jgd_GML.zip,0.40MB,L03-b-14_3036-jgd_GML.zip
L03-b-u,都市地域土地利用細分メッシュ,国土（水・土地）,2009,4,3624,1,http://nlftp.mlit.go.jp/ksj/gml/data/L03-b-u/L03-b-u-09/L03-b-u-09_3624-jgd_GML.zip,0.51MB,L03-b-u-09_3624-jgd_GML.zip
L03-b-u,都市地域土地利用細分メッシュ,国土（水・土地）,2016,4,4630,1,http://nlftp.mlit.go.jp/ksj/gml/data/L03-b-u/L03-b-u-16/L03-b-u-16_4630-jgd_GML.zip,0.51MB,L03-b-u-16_4630-jgd_GML.zip
L03-b-u,都市地域土地利用細分メッシュ,国土（水・土地）,2014,4,3624,1,http://nlftp.mlit.go.jp/ksj/gml/data/L03-b-u/L03-b-u-14/L03-b-u-14_3624-jgd_GML.zip,0.42MB,L03-b-u-14_3624-jgd_GML.zip
L03-b_r,土地利用細分メッシュ（ラスタ版）,国土（水・土地）,2014,4,3036,1,http://nlftp.mlit.go.jp/ksj/gml/data/L03-b_r/L03-b_r-14/L03-b-14_3036.zip,0.01MB,L03-b-14_3036.zip
L05,工業用地,地域,2009,3,1,1,http://nlftp.mlit.go.jp/ksj/gml/data/L05/L05-09/L05-1-09_01_GML.zip,0.12MB,L05-1-09_01_GML.zip
N02,鉄道,交通,2005,1,0,1,http://nlftp.mlit.go.jp/ksj/gml/data/N02/N02-05/N02-05_GML.zip,17.93MB,N02-05_GML.zip
N02,鉄道,交通,2006,1,0,1,http://nlftp.mlit.go.jp/ksj/gml/data/N02/N02-06/N02-06_GML.zip,8.49MB,N02-06_GML.zip
N02,鉄道,交通,2007,1,0,1,http://nlftp.mlit.go.jp/ksj/gml/data/N02/N02-07/N02-07_GML.zip,8.46MB,N02-07_GML.zip
N02,鉄道,交通,2008,1,0,1,http://nlftp.mlit.go.jp/ksj/gml/data/N02/N02-08/N02-08_GML.zip,6.79MB,N02-08_GML.zip
N02,鉄道,交通,2011,1,0,1,http://nlftp.mlit.go.jp/ksj/gml/data/N02/N02-11/N02-11_GML.zip,6.90MB,N02-11_GML.zip
N02,鉄道,交通,2012,1,0,1,http://nlftp.mlit.go.jp/ksj/gml/data/N02/N02-12/N02-12_GML.zip,7.19MB,N02-12_GML.zip
N02,鉄道,交通,2016,1,0,1,http://nlftp.mlit.go.jp/ksj/gml/data/N02/N02-16/N02-16_GML.zip,8.09MB,N02-16_GML.zip
N02,鉄道,交通,2013,1,0,1,http://nlftp.mlit.go.jp/ksj/gml/data/N02/N02-13/N02-13.zip,6.18MB,N02-13.zip
N02,鉄道,交通,2014,1,0,1,http://nlftp.mlit.go.jp/ksj/gml/data/N02/N02-14/N02-14_GML.zip,7.15MB,N02-14_GML.zip
N02,鉄道,交通,2017,1,0,1,http://nlftp.mlit.go.jp/ksj/gml/data/N02/N02-17/N02-17_GML.zip,7.93MB,N02-17_GML.zip
N02,鉄道,交通,2015,1,0,1,http://nlftp.mlit.go.jp/ksj/gml/data/N02/N02-15/N02-15_GML.zip,6.05MB,N02-15_GML.zip
N02,鉄道,交通,2018,1,0,1,http://nlftp.mlit.go.jp/ksj/gml/data/N02/N02-18/N02-18_GML.zip,8.06MB,N02-18_GML.zip
N03,行政区域,政策区域,2017,3,1,1,http://nlftp.mlit.go.jp/ksj/gml/data/N03/N03-2017/N03-170101_01_GML.zip,23.80MB,N03-170101_01_GML.zip
N03,行政区域,政策区域,1920,3,1,1,http://nlftp.mlit.go.jp/ksj/gml/data/N03/N03-1920/N03-200101_01_GML.zip,12.64MB,N03-200101_01_GML.zip
N03,行政区域,政策区域,1950,3,1,1,http://nlftp.mlit.go.jp/ksj/gml/data/N03/N03-1950/N03-501001_01_GML.zip,13.03MB,N03-501001_01_GML.zip
N03,行政区域,政策区域,1955,3,1,1,http://nlftp.mlit.go.jp/ksj/gml/data/N03/N03-1955/N03-551001_01_GML.zip,12.95MB,N03-551001_01_GML.zip
N03,行政区域,政策区域,1960,3,1,1,http://nlftp.mlit.go.jp/ksj/gml/data/N03/N03-1960/N03-601001_01_GML.zip,12.81MB,N03-601001_01_GML.zip
N03,行政区域,政策区域,1965,3,1,1,http://nlftp.mlit.go.jp/ksj/gml/data/N03/N03-1965/N03-651001_01_GML.zip,12.75MB,N03-651001_01_GML.zip
N03,行政区域,政策区域,1970,3,1,1,http://nlftp.mlit.go.jp/ksj/gml/data/N03/N03-1970/N03-701001_01_GML.zip,12.66MB,N03-701001_01_GML.zip
N03,行政区域,政策区域,1975,3,1,1,http://nlftp.mlit.go.jp/ksj/gml/data/N03/N03-1975/N03-751001_01_GML.zip,12.77MB,N03-751001_01_GML.zip
N03,行政区域,政策区域,1980,3,1,1,http://nlftp.mlit.go.jp/ksj/gml/data/N03/N03-1980/N03-801001_01_GML.zip,12.77MB,N03-801001_01_GML.zip
N03,行政区域,政策区域,1985,3,1,1,http://nlftp.mlit.go.jp/ksj/gml/data/N03/N03-1985/N03-851001_01_GML.zip,12.77MB,N03-851001_01_GML.zip
N03,行政区域,政策区域,1995,3,1,1,http://nlftp.mlit.go.jp/ksj/gml/data/N03/N03-1995/N03-951001_01_GML.zip,10.94MB,N03-951001_01_GML.zip
N03,行政区域,政策区域,2000,3,1,1,http://nlftp.mlit.go.jp/ksj/gml/data/N03/N03-2000/N03-001001_01_GML.zip,10.94MB,N03-001001_01_GML.zip
N03,行政区域,政策区域,2005,3,1,1,http://nlftp.mlit.go.jp/ksj/gml/data/N03/N03-2005/N03-05_01_GML.zip,15.70MB,N03-05_01_GML.zip
N03,行政区域,政策区域,2006,3,1,1,http://nlftp.mlit.go.jp/ksj/gml/data/N03/N03-2006/N03-06_01_GML.zip,15.31MB,N03-06_01_GML.zip
N03,行政区域,政策区域,2007,3,1,1,http://nlftp.mlit.go.jp/ksj/gml/data/N03/N03-2007/N03-070401_01_GML.zip,15.37MB,N03-070401_01_GML.zip
N03,行政区域,政策区域,2008,3,1,1,http://nlftp.mlit.go.jp/ksj/gml/data/N03/N03-2008/N03-090320_01_GML.zip,15.28MB,N03-090320_01_GML.zip
N03,行政区域,政策区域,2009,3,1,1,http://nlftp.mlit.go.jp/ksj/gml/data/N03/N03-2009/N03-100329_01_GML.zip,15.31MB,N03-100329_01_GML.zip
N03,行政区域,政策区域,2010,3,1,1,http://nlftp.mlit.go.jp/ksj/gml/data/N03/N03-2010/N03-110331_01_GML.zip,17.93MB,N03-110331_01_GML.zip
N03,行政区域,政策区域,2011,3,19,1,http://nlftp.mlit.go.jp/ksj/gml/data/N03/N03-2011/N03-120331_19_GML.zip,2.53MB,N03-120331_19_GML.zip
N03,行政区域,政策区域,2012,3,1,1,http://nlftp.mlit.go.jp/ksj/gml/data/N03/N03-2012/N03-120401_01_GML.zip,18.00MB,N03-120401_01_GML.zip
N03,行政区域,政策区域,2013,3,1,1,http://nlftp.mlit.go.jp/ksj/gml/data/N03/N03-2013/N03-130401_01_GML.zip,18.61MB,N03-130401_01_GML.zip
N03,行政区域,政策区域,2014,3,0,1,http://nlftp.mlit.go.jp/ksj/gml/data/N03/N03-2014/N03-140401_GML.zip,98.0MB,N03-140401_GML.zip
N03,行政区域,政策区域,2015,3,1,1,http://nlftp.mlit.go.jp/ksj/gml/data/N03/N03-2015/N03-150101_01_GML.zip,23.72MB,N03-150101_01_GML.zip
N03,行政区域,政策区域,2018,3,0,1,http://nlftp.mlit.go.jp/ksj/gml/data/N03/N03-2018/N03-180101_GML.zip,391.13MB,N03-180101_GML.zip
N03,行政区域,政策区域,2016,3,1,1,http://nlftp.mlit.go.jp/ksj/gml/data/N03/N03-2016/N03-160101_01_GML.zip,23.67MB,N03-160101_01_GML.zip
N03,行政区域,政策区域,2019,3,0,1,http://nlftp.mlit.go.jp/ksj/gml/data/N03/N03-2019/N03-190101_GML.zip,396.68MB,N03-190101_GML.zip
N04,道路密度・道路延長メッシュ,交通,1978,4,3622,2,http://nlftp.mlit.go.jp/ksj/gml/data/N04/N04-78/N04-78_3622-tky_GML.zip,0.01MB,N04-78_3622-tky_GML.zip
N04,道路密度・道路延長メッシュ,交通,2002,4,3622,1,http://nlftp.mlit.go.jp/ksj/gml/data/N04/N04-02/N04-02_3622-jgd_GML.zip,0.01MB,N04-02_3622-jgd_GML.zip
N04,道路密度・道路延長メッシュ,交通,2003,4,3622,1,http://nlftp.mlit.go.jp/ksj/gml/data/N04/N04-03/N04-03_3622-jgd_GML.zip,0.01MB,N04-03_3622-jgd_GML.zip
N04,道路密度・道路延長メッシュ,交通,2004,4,3622,1,http://nlftp.mlit.go.jp/ksj/gml/data/N04/N04-04/N04-04_3622-jgd_GML.zip,0.01MB,N04-04_3622-jgd_GML.zip
N04,道路密度・道路延長メッシュ,交通,2010,4,3622,1,http://nlftp.mlit.go.jp/ksj/gml/data/N04/N04-10/N04-10_3622-jgd_GML.zip,0.01MB,N04-10_3622-jgd_GML.zip
N05,鉄道時系列,交通,2011,1,0,1,http://nlftp.mlit.go.jp/ksj/gml/data/N05/N05-11/N05-11_GML.zip,11.61MB,N05-11_GML.zip
N05,鉄道時系列,交通,2012,1,0,1,http://nlftp.mlit.go.jp/ksj/gml/data/N05/N05-12/N05-12_GML.zip,12.54MB,N05-12_GML.zip
N05,鉄道時系列,交通,2013,1,0,1,http://nlftp.mlit.go.jp/ksj/gml/data/N05/N05-13/N05-13.zip,10.5MB,N05-13.zip
N05,鉄道時系列,交通,2014,1,0,1,http://nlftp.mlit.go.jp/ksj/gml/data/N05/N05-14/N05-14_GML.zip,12.69MB,N05-14_GML.zip
N05,鉄道時系列,交通,2015,1,0,1,http://nlftp.mlit.go.jp/ksj/gml/data/N05/N05-15/N05-15_GML.zip,10.54MB,N05-15_GML.zip
N05,鉄道時系列,交通,2016,1,0,1,http://nlftp.mlit.go.jp/ksj/gml/data/N05/N05-16/N05-16_GML.zip,14.59MB,N05-16_GML.zip
N05,鉄道時系列,交通,2017,1,0,1,http://nlftp.mlit.go.jp/ksj/gml/data/N05/N05-17/N05-17_GML.zip,18.25MB,N05-17_GML.zip
N05,鉄道時系列,交通,2018,1,0,1,http://nlftp.mlit.go.jp/ksj/gml/data/N05/N05-18/N05-18_GML.zip,14.60MB,N05-18_GML.zip
N06,高速道路時系列,交通,2011,1,0,1,http://nlftp.mlit.go.jp/ksj/gml/data/N06/N06-11/N06-11_GML.zip,2.06MB,N06-11_GML.zip
N06,高速道路時系列,交通,2012,1,0,1,http://nlftp.mlit.go.jp/ksj/gml/data/N06/N06-12/N06-12_GML.zip,2.13MB,N06-12_GML.zip
N06,高速道路時系列,交通,2013,1,0,1,http://nlftp.mlit.go.jp/ksj/gml/data/N06/N06-13/N06-13.zip,2.18MB,N06-13.zip
N06,高速道路時系列,交通,2014,1,0,1,http://nlftp.mlit.go.jp/ksj/gml/data/N06/N06-14/N06-14_GML.zip,2.23MB,N06-14_GML.zip
N06,高速道路時系列,交通,2015,1,0,1,http://nlftp.mlit.go.jp/ksj/gml/data/N06/N06-15/N06-15_GML.zip,2.29MB,N06-15_GML.zip
N06,高速道路時系列,交通,2016,1,0,1,http://nlftp.mlit.go.jp/ksj/gml/data/N06/N06-16/N06-16_GML.zip,3.15MB,N06-16_GML.zip
N06,高速道路時系列,交通,2017,1,0,1,http://nlftp.mlit.go.jp/ksj/gml/data/N06/N06-17/N06-17_GML.zip,3.89MB,N06-17_GML.zip
N06,高速道路時系列,交通,2018,1,0,1,http://nlftp.mlit.go.jp/ksj/gml/data/N06/N06-18/N06-18_GML.zip,3.31MB,N06-18_GML.zip
N07,バスルート,交通,2011,3,0,1,http://nlftp.mlit.go.jp/ksj/gml/data/N07/N07-11/N07-11_GML.zip,325.31MB,N07-11_GML.zip
N08,空港時系列,交通,2011,1,0,1,http://nlftp.mlit.go.jp/ksj/gml/data/N08/N08-11/N08-11_GML.zip,0.21MB,N08-11_GML.zip
N08,空港時系列,交通,2012,1,0,1,http://nlftp.mlit.go.jp/ksj/gml/data/N08/N08-12/N08-12_GML.zip,0.23MB,N08-12_GML.zip
N08,空港時系列,交通,2013,1,0,1,http://nlftp.mlit.go.jp/ksj/gml/data/N08/N08-13/N08-13.zip,0.22MB,N08-13.zip
N08,空港時系列,交通,2014,1,0,1,http://nlftp.mlit.go.jp/ksj/gml/data/N08/N08-14/N08-14_GML.zip,0.23MB,N08-14_GML.zip
N08,空港時系列,交通,2015,1,0,1,http://nlftp.mlit.go.jp/ksj/gml/data/N08/N08-15/N08-15_GML.zip,0.23MB,N08-15_GML.zip
N08,空港時系列,交通,2016,1,0,1,http://nlftp.mlit.go.jp/ksj/gml/data/N08/N08-16/N08-16_GML.zip,0.33MB,N08-16_GML.zip
N08,空港時系列,交通,2017,1,0,1,http://nlftp.mlit.go.jp/ksj/gml/data/N08/N08-17/N08-17_GML.zip,0.4MB,N08-17_GML.zip
N08,空港時系列,交通,2018,1,0,1,http://nlftp.mlit.go.jp/ksj/gml/data/N08/N08-18/N08-18_GML.zip,0.36MB,N08-18_GML.zip
N09,定期旅客航路,交通,2012,1,0,1,http://nlftp.mlit.go.jp/ksj/gml/data/N09/N09-12/N09-12_GML.zip,0.18MB,N09-12_GML.zip
N10,緊急輸送道路,交通,2013,3,1,1,http://nlftp.mlit.go.jp/ksj/gml/data/N10/N10-13/N10-13_01.zip,3.22MB,N10-13_01.zip
N10,緊急輸送道路,交通,2015,3,1,1,http://nlftp.mlit.go.jp/ksj/gml/data/N10/N10-15/N10-15_01_GML.zip,3.14MB,N10-15_01_GML.zip
N11,ヘリポート,交通,2013,3,1,1,http://nlftp.mlit.go.jp/ksj/gml/data/N11/N11-13/N11-13_01.zip,0.04MB,N11-13_01.zip
P02,公共施設,地域,1990,3,1,1,http://nlftp.mlit.go.jp/ksj/gml/data/P02/P02-90/P02-90_01_GML.zip,1.65MB,P02-90_01_GML.zip
P02,公共施設,地域,2006,3,1,1,http://nlftp.mlit.go.jp/ksj/gml/data/P02/P02-06/P02-06_01_GML.zip,0.84MB,P02-06_01_GML.zip
P03,発電所,地域,1995,1,0,1,http://nlftp.mlit.go.jp/ksj/gml/data/P03/P03-95/P03-95_GML.zip,0.05MB,P03-95_GML.zip
P03,発電所,地域,2007,1,0,1,http://nlftp.mlit.go.jp/ksj/gml/data/P03/P03-07/P03-07_GML.zip,0.07MB,P03-07_GML.zip
P03,発電所,地域,2013,1,0,1,http://nlftp.mlit.go.jp/ksj/gml/data/P03/P03-13/P03-13.zip,1.33MB,P03-13.zip
P04,医療機関,地域,2010,3,1,1,http://nlftp.mlit.go.jp/ksj/gml/data/P04/P04-10/P04-10_01_GML.zip,0.55MB,P04-10_01_GML.zip
P04,医療機関,地域,2014,3,0,1,http://nlftp.mlit.go.jp/ksj/gml/data/P04/P04-14/P04-14_GML.zip,16.69MB,P04-14_GML.zip
P05,市町村役場等及び公的集会施設,地域,2010,3,1,1,http://nlftp.mlit.go.jp/ksj/gml/data/P05/P05-10/P05-10_01_GML.zip,0.29MB,P05-10_01_GML.zip
P07,燃料給油所,地域,2010,3,1,1,http://nlftp.mlit.go.jp/ksj/gml/data/P07/P07-10/P07-10_01_GML.zip,0.23MB,P07-10_01_GML.zip
P07,燃料給油所,地域,2015,3,1,1,http://nlftp.mlit.go.jp/ksj/gml/data/P07/P07-15/P07-15_01_GML.zip,0.10MB,P07-15_01_GML.zip
P09,宿泊容量メッシュ,地域,2010,4,3623,1,http://nlftp.mlit.go.jp/ksj/gml/data/P09/P09-10/P09-10_3623-jgd_GML.zip,0.15MB,P09-10_3623-jgd_GML.zip
P11,バス停留所,交通,2010,3,1,1,http://nlftp.mlit.go.jp/ksj/gml/data/P11/P11-10/P11-10_01_GML.zip,1.02MB,P11-10_01_GML.zip
P12,観光資源,地域,2010,1,0,1,http://nlftp.mlit.go.jp/ksj/gml/data/P12/P12-10/P12-10_GML.zip,21.51MB,P12-10_GML.zip
P12,観光資源,地域,2014,1,0,1,http://nlftp.mlit.go.jp/ksj/gml/data/P12/P12-14/P12-14_GML.zip,8.79MB,P12-14_GML.zip
P13,都市公園,地域,2011,3,1,1,http://nlftp.mlit.go.jp/ksj/gml/data/P13/P13-11/P13-11_01_GML.zip,0.50MB,P13-11_01_GML.zip
P14,福祉施設,地域,2011,3,1,1,http://nlftp.mlit.go.jp/ksj/gml/data/P14/P14-11/P14-11_01_GML.zip,0.38MB,P14-11_01_GML.zip
P14,福祉施設,地域,2015,3,1,1,http://nlftp.mlit.go.jp/ksj/gml/data/P14/P14-15/P14-15_01_GML.zip,0.41MB,P14-15_01_GML.zip
P15,廃棄物処理施設,地域,2012,3,1,1,http://nlftp.mlit.go.jp/ksj/gml/data/P15/P15-12/P15-12_01_GML.zip,0.15MB,P15-12_01_GML.zip
P16,研究機関,地域,2012,3,1,1,http://nlftp.mlit.go.jp/ksj/gml/data/P16/P16-12/P16-12_01_GML.zip,0.12MB,P16-12_01_GML.zip
P17,消防署,地域,2012,3,1,1,http://nlftp.mlit.go.jp/ksj/gml/data/P17/P17-12/P17-12_01_GML.zip,15.29MB,P17-12_01_GML.zip
P18,警察署,地域,2012,3,1,1,http://nlftp.mlit.go.jp/ksj/gml/data/P18/P18-12/P18-12_01_GML.zip,12.60MB,P18-12_01_GML.zip
P19,地域資源,地域,2012,3,1,1,http://nlftp.mlit.go.jp/ksj/gml/data/P19/P19-12/P19-12_01_GML.zip,0.08MB,P19-12_01_GML.zip
P20,避難施設,政策区域,2012,3,1,1,http://nlftp.mlit.go.jp/ksj/gml/data/P20/P20-12/P20-12_01_GML.zip,0.96MB,P20-12_01_GML.zip
P21,上水道関連施設,地域,2012,3,1,1,http://nlftp.mlit.go.jp/ksj/gml/data/P21/P21-12/P21-12_01_GML.zip,0.80MB,P21-12_01_GML.zip
P22,下水道関連施設,地域,2012,3,1,1,http://nlftp.mlit.go.jp/ksj/gml/data/P22/P22-12/P22-12_01_GML.zip,0.10MB,P22-12_01_GML.zip
P23,海岸保全施設,国土（水・土地）,2012,3,1,1,http://nlftp.mlit.go.jp/ksj/gml/data/P23/P23-12/P23-12_01_GML.zip,1.63MB,P23-12_01_GML.zip
P24,地場産業関連施設,地域,2012,1,0,1,http://nlftp.mlit.go.jp/ksj/gml/data/P24/P24-12/P24-12_GML.zip,0.75MB,P24-12_GML.zip
P26,ニュータウン,地域,2013,3,1,1,http://nlftp.mlit.go.jp/ksj/gml/data/P26/P26-13/P26-13_01.zip,0.02MB,P26-13_01.zip
P27,文化施設,地域,2013,3,0,1,http://nlftp.mlit.go.jp/ksj/gml/data/P27/P27-13/P27-13.zip,4.54MB,P27-13.zip
P28,国・都道府県の機関等,地域,2013,3,0,1,http://nlftp.mlit.go.jp/ksj/gml/data/P28/P28-13/P28-13.zip,1.53MB,P28-13.zip
P29,学校,地域,2013,3,0,1,http://nlftp.mlit.go.jp/ksj/gml/data/P29/P29-13/P29-13.zip,4.23MB,P29-13.zip
P30,郵便局,地域,2013,3,0,1,http://nlftp.mlit.go.jp/ksj/gml/data/P30/P30-13/P30-13.zip,2.31MB,P30-13.zip
P31,物流拠点,地域,2013,3,1,1,http://nlftp.mlit.go.jp/ksj/gml/data/P31/P31-13/P31-13_01.zip,0.04MB,P31-13_01.zip
P32,都道府県指定文化財,地域,2014,3,0,1,http://nlftp.mlit.go.jp/ksj/gml/data/P32/P32-14/P32-14_00_GML.zip,1.93MB,P32-14_00_GML.zip
P33,集客施設,地域,2014,3,1,1,http://nlftp.mlit.go.jp/ksj/gml/data/P33/P33-14/P33-14_01_GML.zip,0.08MB,P33-14_01_GML.zip
P34,市区町村役場,地域,2014,3,1,1,http://nlftp.mlit.go.jp/ksj/gml/data/P34/P34-14/P34-14_01_GML.zip,0.03MB,P34-14_01_GML.zip
P35,道の駅,地域,2018,1,0,1,http://nlftp.mlit.go.jp/ksj/gml/data/P35/P35-18/P35-18_GML.zip,0.33MB,P35-18_GML.zip
S05-a,交通流動量 パーソントリップ発生・集中量,交通,2010,2,100,1,http://nlftp.mlit.go.jp/ksj/gml/data/S05-a/S05-a-10/S05-a-10_SYUTO_GML.zip,24.32MB,S05-a-10_SYUTO_GML.zip
S05-a,交通流動量 パーソントリップ発生・集中量,交通,2012,2,300,1,http://nlftp.mlit.go.jp/ksj/gml/data/S05-a/S05-a-12/S05-a-12_KINKI_GML.zip,18.71MB,S05-a-12_KINKI_GML.zip
S05-a,交通流動量 パーソントリップ発生・集中量,交通,2013,2,200,1,http://nlftp.mlit.go.jp/ksj/gml/data/S05-a/S05-a-13/S05-a-13_CHUBU-g.zip,34.3MB,S05-a-13_CHUBU-g.zip
S05-b,交通流動量 パーソントリップＯＤ量,交通,2010,2,100,1,http://nlftp.mlit.go.jp/ksj/gml/data/S05-b/S05-b-10/S05-b-10_SYUTO_GML.zip,11.07MB,S05-b-10_SYUTO_GML.zip
S05-b,交通流動量 パーソントリップＯＤ量,交通,2012,2,300,1,http://nlftp.mlit.go.jp/ksj/gml/data/S05-b/S05-b-12/S05-b-12_KINKI_GML.zip,15.78MB,S05-b-12_KINKI_GML.zip
S05-b,交通流動量 パーソントリップＯＤ量,交通,2013,2,200,1,http://nlftp.mlit.go.jp/ksj/gml/data/S05-b/S05-b-13/S05-b-13_CHUBU-g.zip,9.88MB,S05-b-13_CHUBU-g.zip
S05-c,交通流動量 駅別乗降数,交通,2010,2,100,1,http://nlftp.mlit.go.jp/ksj/gml/data/S05-c/S05-c-10/S05-c-10_SYUTO_GML.zip,0.31MB,S05-c-10_SYUTO_GML.zip
S05-c,交通流動量 駅別乗降数,交通,2012,2,300,1,http://nlftp.mlit.go.jp/ksj/gml/data/S05-c/S05-c-12/S05-c-12_KINKI_GML.zip,0.29MB,S05-c-12_KINKI_GML.zip
S05-d,交通流動量 貨物・旅客地域流動量,交通,2001,1,0,1,http://nlftp.mlit.go.jp/ksj/gml/data/S05-d/S05-d-01/S05-d-01_GML.zip,0.71MB,S05-d-01_GML.zip
S05-d,交通流動量 貨物・旅客地域流動量,交通,2002,1,0,1,http://nlftp.mlit.go.jp/ksj/gml/data/S05-d/S05-d-02/S05-d-02_GML.zip,0.71MB,S05-d-02_GML.zip
S05-d,交通流動量 貨物・旅客地域流動量,交通,2003,1,0,1,http://nlftp.mlit.go.jp/ksj/gml/data/S05-d/S05-d-03/S05-d-03_GML.zip,0.71MB,S05-d-03_GML.zip
S05-d,交通流動量 貨物・旅客地域流動量,交通,2004,1,0,1,http://nlftp.mlit.go.jp/ksj/gml/data/S05-d/S05-d-04/S05-d-04_GML.zip,0.71MB,S05-d-04_GML.zip
S05-d,交通流動量 貨物・旅客地域流動量,交通,2005,1,0,1,http://nlftp.mlit.go.jp/ksj/gml/data/S05-d/S05-d-05/S05-d-05_GML.zip,0.67MB,S05-d-05_GML.zip
S05-d,交通流動量 貨物・旅客地域流動量,交通,2006,1,0,1,http://nlftp.mlit.go.jp/ksj/gml/data/S05-d/S05-d-06/S05-d-06_GML.zip,0.67MB,S05-d-06_GML.zip
S05-d,交通流動量 貨物・旅客地域流動量,交通,2007,1,0,1,http://nlftp.mlit.go.jp/ksj/gml/data/S05-d/S05-d-07/S05-d-07_GML.zip,0.67MB,S05-d-07_GML.zip
S05-d,交通流動量 貨物・旅客地域流動量,交通,2008,1,0,1,http://nlftp.mlit.go.jp/ksj/gml/data/S05-d/S05-d-08/S05-d-08_GML.zip,0.67MB,S05-d-08_GML.zip
S05-d,交通流動量 貨物・旅客地域流動量,交通,2009,1,0,1,http://nlftp.mlit.go.jp/ksj/gml/data/S05-d/S05-d-09/S05-d-09_GML.zip,0.67MB,S05-d-09_GML.zip
S05-d,交通流動量 貨物・旅客地域流動量,交通,2010,1,0,1,http://nlftp.mlit.go.jp/ksj/gml/data/S05-d/S05-d-10/S05-d-10_GML.zip,0.64MB,S05-d-10_GML.zip
S05-d,交通流動量 貨物・旅客地域流動量,交通,2011,1,0,1,http://nlftp.mlit.go.jp/ksj/gml/data/S05-d/S05-d-11/S05-d-11-g.zip,0.91MB,S05-d-11-g.zip
S05-d,交通流動量 貨物・旅客地域流動量,交通,2012,1,0,1,http://nlftp.mlit.go.jp/ksj/gml/data/S05-d/S05-d-12/S05-d-12_GML.zip,0.62MB,S05-d-12_GML.zip
S05-d,交通流動量 貨物・旅客地域流動量,交通,2013,1,0,1,http://nlftp.mlit.go.jp/ksj/gml/data/S05-d/S05-d-13/S05-d-13_GML.zip,0.96MB,S05-d-13_GML.zip
S05-d,交通流動量 貨物・旅客地域流動量,交通,2014,1,0,1,http://nlftp.mlit.go.jp/ksj/gml/data/S05-d/S05-d-14/S05-d-14_GML.zip,0.95MB,S05-d-14_GML.zip
S05-d,交通流動量 貨物・旅客地域流動量,交通,2015,1,0,1,http://nlftp.mlit.go.jp/ksj/gml/data/S05-d/S05-d-15/S05-d-15_GML.zip,0.91MB,S05-d-15_GML.zip
S05-d,交通流動量 貨物・旅客地域流動量,交通,2016,1,0,1,http://nlftp.mlit.go.jp/ksj/gml/data/S05-d/S05-d-16/S05-d-16_GML.zip,0.94MB,S05-d-16_GML.zip
S10a,港湾間流通量・海上経路,交通,2011,1,0,1,http://nlftp.mlit.go.jp/ksj/gml/data/S10a/S10a-11/S10a-11_GML.zip,2.01MB,S10a-11_GML.zip
S10a,港湾間流通量・海上経路,交通,2012,1,0,1,http://nlftp.mlit.go.jp/ksj/gml/data/S10a/S10a-12/S10a-12_GML.zip,1.90MB,S10a-12_GML.zip
S10a,港湾間流通量・海上経路,交通,2014,1,0,1,http://nlftp.mlit.go.jp/ksj/gml/data/S10a/S10a-14/S10a-14_GML.zip,1.78MB,S10a-14_GML.zip
S10a,港湾間流通量・海上経路,交通,2016,1,0,1,http://nlftp.mlit.go.jp/ksj/gml/data/S10a/S10a-16/S10a-16_GML.zip,2.53MB,S10a-16_GML.zip
S10b,空港間流通量,交通,2011,1,0,1,http://nlftp.mlit.go.jp/ksj/gml/data/S10b/S10b-11/S10b-11_GML.zip,0.07MB,S10b-11_GML.zip
S10b,空港間流通量,交通,2012,1,0,1,http://nlftp.mlit.go.jp/ksj/gml/data/S10b/S10b-12/S10b-12_GML.zip,0.07MB,S10b-12_GML.zip
S10b,空港間流通量,交通,2014,1,0,1,http://nlftp.mlit.go.jp/ksj/gml/data/S10b/S10b-14/S10b-14_GML.zip,0.07MB,S10b-14_GML.zip
S12,駅別乗降客数,交通,2012,1,0,1,http://nlftp.mlit.go.jp/ksj/gml/data/S12/S12-12/S12-12_GML.zip,0.93MB,S12-12_GML.zip
S12,駅別乗降客数,交通,2013,1,0,1,http://nlftp.mlit.go.jp/ksj/gml/data/S12/S12-13/S12-13.zip,1.02MB,S12-13.zip
S12,駅別乗降客数,交通,2014,1,0,1,http://nlftp.mlit.go.jp/ksj/gml/data/S12/S12-14/S12-14_GML.zip,1.11MB,S12-14_GML.zip
S12,駅別乗降客数,交通,2015,1,0,1,http://nlftp.mlit.go.jp/ksj/gml/data/S12/S12-15/S12-15_GML.zip,1.15MB,S12-15_GML.zip
S12,駅別乗降客数,交通,2016,1,0,1,http://nlftp.mlit.go.jp/ksj/gml/data/S12/S12-16/S12-16_GML.zip,1.68MB,S12-16_GML.zip
S12,駅別乗降客数,交通,2017,1,0,1,http://nlftp.mlit.go.jp/ksj/gml/data/S12/S12-17/S12-17_GML.zip,1.89MB,S12-17_GML.zip
S12,駅別乗降客数,交通,2018,1,0,1,http://nlftp.mlit.go.jp/ksj/gml/data/S12/S12-18/S12-18_GML.zip,1.88MB,S12-18_GML.zip
W01,ダム,国土（水・土地）,2005,1,0,1,http://nlftp.mlit.go.jp/ksj/gml/data/W01/W01-05/W01-05_GML.zip,0.41MB,W01-05_GML.zip
W01,ダム,国土（水・土地）,2014,1,0,1,http://nlftp.mlit.go.jp/ksj/gml/data/W01/W01-14/W01-14_GML.zip,0.36MB,W01-14_GML.zip
W05,河川,国土（水・土地）,2006,3,36,1,http://nlftp.mlit.go.jp/ksj/gml/data/W05/W05-06/W05-06_36_GML.zip,3.18MB,W05-06_36_GML.zip
W05,河川,国土（水・土地）,2007,3,2,1,http://nlftp.mlit.go.jp/ksj/gml/data/W05/W05-07/W05-07_02_GML.zip,6.99MB,W05-07_02_GML.zip
W05,河川,国土（水・土地）,2008,3,8,1,http://nlftp.mlit.go.jp/ksj/gml/data/W05/W05-08/W05-08_08_GML.zip,2.70MB,W05-08_08_GML.zip
W05,河川,国土（水・土地）,2009,3,1,1,http://nlftp.mlit.go.jp/ksj/gml/data/W05/W05-09/W05-09_01_GML.zip,70.62MB,W05-09_01_GML.zip
W07,流域メッシュ,国土（水・土地）,2009,4,3036,1,http://nlftp.mlit.go.jp/ksj/gml/data/W07/W07-09/W07-09_3036-jgd_GML.zip,0.20MB,W07-09_3036-jgd_GML.zip
W09,湖沼,国土（水・土地）,2005,1,0,1,http://nlftp.mlit.go.jp/ksj/gml/data/W09/W09-05/W09-05_GML.zip,7.70MB,W09-05_GML.zip
m1000,1kmメッシュ別将来推計人口（H29国政局推計）（shape形式版）,各種統計,2017,3,0,1,http://nlftp.mlit.go.jp/ksj/gml/data/m1000/m1000-17/m1000-17_GML.zip,40.06MB,m1000-17_GML.zip
m1kh30,1kmメッシュ別将来推計人口（H30国政局推計）（shape形式版）,各種統計,2018,1,1,1,http://nlftp.mlit.go.jp/ksj/gml/data/m1kh30/m1kh30-18/1km_mesh_suikei_2018_shape_01.zip,9.70MB,1km_mesh_suikei_2018_shape_01.zip
m500,500mメッシュ別将来推計人口（H29国政局推計）（shape形式版）,各種統計,2017,3,0,1,http://nlftp.mlit.go.jp/ksj/gml/data/m500/m500-17/m500-17_GML.zip,108.58MB,m500-17_GML.zip
m500h30,500mメッシュ別将来推計人口（H30国政局推計）（shape形式版）,各種統計,2018,1,1,1,http://nlftp.mlit.go.jp/ksj/gml/data/m500h30/m500h30-18/500m_mesh_suikei_2018_shape_01.zip,18.49MB,500m_mesh_suikei_2018_shape_01.zip
